<?xml version="1.0" encoding="UTF-8"?>
<ti:module
        xmlns:android="http://schemas.android.com/apk/res/android"
        xmlns:ti="http://ti.appcelerator.org">
    <android xmlns:android="http://schemas.android.com/apk/res/android">
        <manifest>
            <application>
                <service android:name="com.appcelerator.cloud.push.PushService"/>
                <receiver android:name="ti.push.BootListener">
                    <intent-filter>
                        <action android:name="android.intent.action.BOOT_COMPLETED"/>
                    </intent-filter>
                </receiver>
                <receiver android:name="ti.push.IntentReceiver" />
            </application>
            <uses-permission android:name="android.permission.INTERNET"/>
            <uses-permission android:name="android.permission.ACCESS_NETWORK_STATE"/>
            <uses-permission android:name="android.permission.RECEIVE_BOOT_COMPLETED"/>
            <uses-permission android:name="android.permission.READ_PHONE_STATE"/>
            <uses-permission android:name="android.permission.VIBRATE"/>
        </manifest>
    </android>
</ti:module>
