<?xml version="1.0" encoding="UTF-8"?>
<ti:module xmlns:android="http://schemas.android.com/apk/res/android"
           xmlns:ti="http://ti.appcelerator.org">
    <android xmlns:android="http://schemas.android.com/apk/res/android">
        <manifest>
            <application>
                <receiver android:name="com.appcelerator.aps.IntentReceiver"/>
                <receiver
                        android:name="com.appcelerator.aps.GCMReceiver"
                        android:permission="com.google.android.c2dm.permission.SEND">
                    <intent-filter>
                        <action android:name="com.google.android.c2dm.intent.RECEIVE"/>
                        <category android:name="${tiapp.properties['id']}"/>
                    </intent-filter>
                </receiver>
                <receiver android:name="com.appcelerator.aps.PushBroadcastReceiver"
                        android:permission="com.google.android.c2dm.permission.SEND">
                    <intent-filter>
                        <action android:name="android.intent.action.BOOT_COMPLETED"/>
                        <action android:name="com.google.android.c2dm.intent.REGISTRATION" />
                        <action android:name="com.appcelerator.aps.intent.DEL_GROUPED_MSG" />
                        <category android:name="${tiapp.properties['id']}" />
                    </intent-filter>
                </receiver>
                <receiver android:name="com.appcelerator.aps.PushBroadcastReceiver">
                    <intent-filter>
                        <action android:name="android.intent.action.PACKAGE_ADDED"/>
                        <action android:name="android.intent.action.PACKAGE_REPLACED"/>
                        <data android:scheme="package" android:path="${tiapp.properties['id']}" />
                    </intent-filter>
                </receiver>
                <meta-data
                     android:name="com.google.android.gms.version"
                     android:value="9683000"/>
            </application>

            <uses-permission android:name="android.permission.INTERNET"/>
            <uses-permission android:name="android.permission.GET_ACCOUNTS"/>
            <uses-permission android:name="android.permission.WAKE_LOCK"/>
            <uses-permission android:name="com.google.android.c2dm.permission.RECEIVE"/>
            <uses-permission android:name="android.permission.ACCESS_NETWORK_STATE"/>
            <uses-permission android:name="android.permission.RECEIVE_BOOT_COMPLETED"/>
            <uses-permission android:name="android.permission.READ_PHONE_STATE"/>
            <uses-permission android:name="android.permission.VIBRATE"/>
            <uses-permission android:name="android.permission.WRITE_EXTERNAL_STORAGE"/>

            <permission android:name="${tiapp.properties['id']}.permission.C2D_MESSAGE"
                        android:protectionLevel="signature"/>
            <uses-permission android:name="${tiapp.properties['id']}.permission.C2D_MESSAGE"/>

        </manifest>
    </android>
</ti:module>